name,oligo,notes
oligo 1,CGGATTCTAGAACTAGTGGATCTACAAAATGGCCGTTGATTCACCCTTGCAATCCAGAATGGTTAGTGCGACTACTTCAGAAAAAGACGTCAAGGCTCTAAAATTTATCGAGG,"oligo length: 113, overlap Tm: 72.45"
oligo 2,GATATTCAGTATTGCTGTTACGTGTCAAAATTTCACCTAGGACTTTTTCTTGTACTGAATCTGGATTTCTTGTCATTTCCTCGATAAATTTTAGAGCCTTGACGTCTTTTTCT,"oligo length: 113, overlap Tm: 72.33"
oligo 3,GGTGAAATTTTGACACGTAACAGCAATACTGAATATCTAAAAAGATTTGACTTAGATGGTGTGGTAGATAGAAAGACTTTCAAAAGTAAGGTCCCTGTTGTGACGTACGAGGA,"oligo length: 113, overlap Tm: 72.29"
oligo 4,CAGAGCTCGTCAAAAATTCTGTAATGGGGTGAGATGACAATATAGGACTGCAATCACCATTGCTAATACGTTGAATCTCAGGTTTCAAATCCTCGTACGTCACAACAGGGACC,"oligo length: 113, overlap Tm: 72.74"
oligo 5,CCCCATTACAGAATTTTTGACGAGCTCTGGAACTAGCGCTGGTGAAAGGAAGTTGATGCCTACAATAGAAGAGGATTTGGACAGAAGGCAGCTTTTATATAGTTTGTTAATGCC,"oligo length: 114, overlap Tm: 72.07"
oligo 6,CGTTTTGGATTCTGATTTTACAAATAAGAAGTAAAGCCCTTTTCCCTTATCTAGCCCAGGCACGTATAAGTTCATGACAGGCATTAACAAACTATATAAAAGCTGCCTTCTGTCCA,"oligo length: 116, overlap Tm: 73.26"
oligo 7,GGGCTTTACTTCTTATTTGTAAAATCAGAATCCAAAACGTCTGGCGGTTTGCCAGCAAGACCAGTTTTGACTAGCTATTACAAGTCAGATCATTTTAAAAGAAGGCCTTATGACCC,"oligo length: 116, overlap Tm: 73.43"
oligo 8,ACATCTGGGCGTACATAGATTGACTGGAATCACTGCACAAAATGGCTTCATTCGGGGAAGTATAAACATTATAAGGGTCATAAGGCCTTCTTTTAAAATGATCTGACTTGTAATA,"oligo length: 115, overlap Tm: 72.94"
oligo 9,GATTCCAGTCAATCTATGTACGCCCAGATGTTGTGTGGTTTATTGATGAGGCACGAAGTTTTAAGACTAGGTGCAGTGTTTGCATCTGGACTGTTAAGAGCTATTAGCTTCTTAC,"oligo length: 115, overlap Tm: 72.81"
oligo 10,TATGGCCGGATCAAAGATTCTTGAAGACAAAGTACCTGTACTAATATCTCTAGCCAGTTCTTTCCAATTATTTTGTAAGAAGCTAATAGCTCTTAACAGTCCAGATGCAAACA,"oligo length: 113, overlap Tm: 73.59"
oligo 11,TGTCTTCAAGAATCTTTGATCCGGCCATAAAGAATAGAATGTCCAAAATCTTAACTAAACCCGATCAAGAATTGGCCGAATTTTTAGTCGGTGTTTGTAGCCAAGAGAACTG,"oligo length: 112, overlap Tm: 72.08"
oligo 12,TGTATTGAGCCATAGCACCCGTAACGATAACATCTAGGTACTTAGTATTAGGCCAGATCTTAGTAATAATACCTTCCCAGTTCTCTTGGCTACAAACACCGACTAAAAATT,oligo length: 111
